Title,Company,Location
Course Editor (Ui/Ux Design),Ixdf - Interaction Design Foundation,Anywhere In The World
Front End Manager,Soar Financials,Anywhere In The World
Ui/Ux Designer,Files.Com,North America Only
Entry Level Sales Agent - Chat Only - Side Hustle,Used Conex Llc,Usa Only
Full Stack Developer Bootcamp - Job Guaranteed ðŸš€,Metana,Remote
3D Designer,Contra,Anywhere In The World
Logo Designer,Contra,Anywhere In The World
Visual Designer,Contra,Anywhere In The World
Freelance Motion Designer,Contra,Anywhere In The World
Ux Designer,Contra,Anywhere In The World
Ui Designer,Contra,Anywhere In The World
Freelance Product Designer,Contra,Anywhere In The World
Framer Designer,Contra,Anywhere In The World
Graphic Designer,Contra,Anywhere In The World
Brand Designer,Contra,Anywhere In The World
Part-Time Web Designer,Contra,Anywhere In The World
Product Design Manager,Close,Usa Only
Ui Designer And Figma Specialist,Ixdf - Interaction Design Foundation,Anywhere In The World
Product Design Intern,Github,Usa Only
Visual Designer,Microsoft,Latin America Only
Outbound Sales Development Rep.,Quickmail,Americas Only/Europe Only
Social Media Video Content Creator,Canonical,Emea Only
"Account Strategist, Mid-Market Sales, Google Customer Solutions (Italian, English)",Google,Europe Only
Work From Home Social Media Manager Located In Usa,Junk Car Boys,Usa Only
Software Support Engineer,Cdata Virtuality,Anywhere In The World
Senior Product Marketing Manager,Microsoft,Usa Only
Social Media Manager,Tiller,Anywhere In The World
Wp All Import: Seo Strategist & Writer,Wp All Import,Anywhere In The World
Sales Development Representative,"Vexxhost, Inc.",Anywhere In The World
Digital Marketer,Contra,Anywhere In The World
Brand Strategist,Contra,Anywhere In The World
Social Media Manager,Contra,Anywhere In The World
Content Creator,Contra,Anywhere In The World
Copywriter / Creative Strategist For Ecommerce Brand,Thekiddospace,Anywhere In The World
Remote Inside Sales,Report Owl Llc,Anywhere In The World
Remote Sales Chat Representative,Usedconex.Com,Usa Only
Email Marketing Manager & Specialist,Thekiddospace,Anywhere In The World
Social Media Manager (Ecommerce Brand),Thekiddospace,Anywhere In The World
Tiktok Shop Manager,Thekiddospace,Anywhere In The World
Google Media Buyer (Ecommerce Brand),Thekiddospace,Anywhere In The World
Cro Manager & Specialist,Thekiddospace,Anywhere In The World
Creative Strategist (Ecommerce Brand),Thekiddospace,Anywhere In The World
Senior Ios Engineer,Primer,Anywhere In The World
"Manager, Mandiant Proactive Services, Google Cloud",Google,Canada Only
Senior Ruby On Rails Engineer (Fintech),Telleroo,Europe Only
Senior Backend Engineer,Toggl,Americas Only/Emea Only
Sr. Manager â€“ Production Planning,Microsoft,Usa Only
Site Reliability Engineer,Sticker Mule,Anywhere In The World
"Staff Data Scientist, Infrastructure",Pinterest,Usa Only
"Software Engineer (L5), Content Engineering",Netflix,Usa Only
Engineering Technical Lead - Node.Js - Emea,Hostaway,Emea Only
"Data Engineer, Analytics (Technical Leadership)",Meta,Usa Only
"Software Engineer, Test & Privacy",Meta,Usa Only
Senior Backend Engineer (C# / Azure) Remote Us Only,Stratus,Usa Only
"Senior Go Developer (Distributed System, Blockchain)",Swarm Foundation,Anywhere In The World
Senior Software Engineer (Rust),Prisma,Europe Only/Uk Only/Africa Only
German Customer Support Specialist,Hubspot,Europe Only
Junior Customer Support Specialist (Remote),Kreativstorm,Anywhere In The World
Associate Cx Specialist,Calm,Usa Only
Remote Customer Success Specialist,Nogigiddy,Anywhere In The World
"Chat Support Agent (Remote) - Entry Level, No Degree Required - 15 - 18 Per Hour",Nogigiddy,Anywhere In The World
Entry-Level Account Manager,Nogigiddy,Anywhere In The World
Remote Customer Service Rep Up To 19/Hour - No Degree Needed,Nogigiddy,Anywhere In The World
Customer Support Manager,Komoot,Europe Only
Technical Customer Support Specialist (Eu Timezone),Crisp,Europe Only
"Customer Support Specialist (Latam, Us Experience Encouraged)",Loop Support,Latin America Only
Home-Office Agent/In (M/W/D) Gesucht - Kundenservice Call & E-Mail 100% Home-Office,Hey Contact Heroes Gmbh,Anywhere In The World
Hr Business Partner,Nvidia,Asia Only
Senior Account Manager â€“ Automotive Industry,Nvidia,Asia Only
Senior Automation Qa Engineer,Lemon.Io,Latin America Only
Recruiter,Onthegosystems,Europe Only
Project Manager,"Vexxhost, Inc.",Anywhere In The World
Senior Next.Js Developer,Proxify Ab,Latin America Only/Europe Only/Emea Only
Senior Magento Developer,Proxify Ab,Latin America Only/Europe Only/Emea Only
Senior Unreal Engine Developer,Proxify Ab,Latin America Only/Europe Only/Emea Only
Senior Data Engineer,Proxify Ab,Latin America Only/Europe Only/Emea Only
Senior React Native Developer,Proxify Ab,Latin America Only/Europe Only/Emea Only
Senior Ios Developer,Proxify Ab,Latin America Only/Europe Only/Emea Only
Senior Fullstack Developer,Proxify Ab,Latin America Only/Europe Only/Emea Only
Senior Microsoft Powerbi Developer,Proxify Ab,Latin America Only/Europe Only/Emea Only
Partnerships Specialist,Onthegosystems,Europe Only
Revenue Growth Lead,Toggl,Anywhere In The World
Senior Product Marketing Manager â€” Toggl Work,Toggl,Europe Only
Student Representatives,Eduopinions,Anywhere In The World
Ai Content Evaluator,Best Writers Cafe,Usa Only/Uk Only/Canada Only
Media Buyer | (Assistant) Campaign Manager,Z3 Media,Europe Only/Asia Only/Africa Only/Oceania Only
Internal Communications Manager - Field Operations,Samsara,Canada Only
Ft/Pt Remote Ai Prompt Engineering & Evaluation - Will Train,Dataannotation.Tech,Usa Only/Uk Only/Canada Only
Social Media Strategist,Horizon Brands (Archive-1730466399),Anywhere In The World
Remote Administrative Assistant,Nogigiddy,Anywhere In The World
Online English Teacher,Native Camp,Anywhere In The World
Illustrator,Contra,Anywhere In The World
Product Analyst,Wordwall,Anywhere In The World
Senior Product Manager,Toggl,Anywhere In The World
"Ux Researcher, Qualitative",Meta,Usa Only
Senior Independent Product Manager/Product Designer ($90-$170/Hr),A.Team,Anywhere In The World
Senior Full Stack Engineer,Localize,Usa Only
Full-Stack Wordpress Developer,Bbe Marketing Inc,Anywhere In The World
Senior React.Js & Python Developer,Lemon.Io,Latin America Only/Europe Only/Canada Only/Asia Only/Oceania Only
Full Stack Developer,We Work Remotely,Latin America Only
Full Stack Developer (.Net Core / C# / Angular) - English + Ukrainian Or Russian Is Required,Salesflow.Io,Europe Only
Fullstack Engineer,Contra,Anywhere In The World
Low-Code/No-Code Developer,Contra,Anywhere In The World
Webflow Developer,Contra,Anywhere In The World
Web Developer,Contra,Anywhere In The World
Framer Developer,Contra,Anywhere In The World
Senior React & Node.Js Developer,Lemon.Io,Latin America Only/Europe Only/Uk Only/Canada Only/Asia Only/Oceania Only
Full Stack Developer Bootcamp - Job GuaranteedðŸš€,Metana - Coding School,Anywhere In The World
"Product Manager, Global Workforce Solutions",Meta,Usa Only
Humble Hacker Wanted: Remote Developer & Ai Enthusiast For Scraping And Automation,Biodenix Inc,Anywhere In The World
Senior Full Stack Engineer,Syncwith,Anywhere In The World
Senior Devops Engineer (Azure),Proxify Ab,Latin America Only/Europe Only/Emea Only
Senior Devops Engineer (Aws),Proxify Ab,Latin America Only/Europe Only/Emea Only
Senior Frontend Developer,Simplyanalytics,Americas Only
Frontend Engineer,Contra,Anywhere In The World
Operations & Supply Chain Manager,Thekiddospace,Anywhere In The World
Global Sales Analytics Lead,Meta,Usa Only
Social Media Expert,Crisis Control Solutions Llc,Usa Only
Business Analyst,Elite Software Automation,Anywhere In The World
Operations Manager For Affiliate Marketing Firm,Leadroll,Anywhere In The World
Ifrs Accountant With Multiple Jurisdiction Experience,Flag Theory,Anywhere In The World
Marketing Automation Saas + Services Line Of Business Owner,New Law Business Model,Anywhere In The World
