id,title,url,price
2776760,100 Days of Code: The Complete Python Pro Bootcamp,/course/100-days-of-code/,$124.99
567828,The Complete Python Bootcamp From Zero to Hero in Python,/course/complete-python-bootcamp/,$199.99
692188,"Python Mega Course: Learn Python in 60 Days, Build 20 Apps",/course/the-python-mega-course/,$199.99
4398404,Learn Python Programming - Beginner to Master,/course/learn-python-with-abdul-bari/,$99.99
2473048,The Complete Python Developer,/course/complete-python-developer-zero-to-mastery/,$129.99
5007558,Python 3: Fundamentals,/course/python3-fundamentals/,$99.99
6120747,Complete Python With DSA Bootcamp + LEETCODE Exercises,/course/complete-python-dsa-bootcamp/,$49.99
836376,Python for Absolute Beginners,/course/python-for-absolute-beginners-u/,$119.99
629302,Learn Python Programming Masterclass,/course/python-the-complete-python-developer-course/,$199.99
5414974,[NEW] Python Bootcamp: Beginner to Master Programming 2024,/course/python-programming-for-beginners-with-exercises/,$94.99
3626932,Python PCEP: Become Certified Entry-Level Python Programmer,/course/python-pcep/,$109.99
1909030,"Python Bootcamp: Learn, Code, Build",/course/pythontutorial/,$19.99
3527580,Complete Python Bootcamp For Everyone From Zero to Hero 2024,/course/python-foreveryone/,$109.99
2824319,Automate Everything with Python,/course/automate-everything-with-python/,$99.99
1547268,The Complete Python Course | Learn Python by Doing in 2024,/course/the-complete-python-course/,$119.99
919038,Python Masterclass 2024: Build 24 Real World Python Projects,/course/python-masterclass-course/,$99.99
5886760,PYTHON Bootcamp: Learn Python Programming Masterclass [NEW],/course/python-programming-a-3-day-guide-for-absolute-beginners/,$49.99
903744,Python for Data Science and Machine Learning Bootcamp,/course/python-for-data-science-and-machine-learning-bootcamp/,$124.99
1471348,Learn to Code with Python,/course/learn-to-code-with-python/,$119.99
1386294,Python for beginners,/course/python-core-and-advanced/,$119.99
1213952,Python 3: Deep Dive (Part 1 - Functional),/course/python-3-deep-dive-part-1/,$139.99
1350984,The Modern Python 3 Bootcamp,/course/the-modern-python3-bootcamp/,$159.99
543600,Automate the Boring Stuff with Python Programming,/course/automate/,$129.99
5638250,Python: The Professional Guide For Beginners (2024 Edition),/course/professional-python-guide/,$84.99
4455934,One Week Python,/course/one-week-python/,$94.99
5686690,Python Course: Basics to Advanced 2024,/course/complete-python-course-from-basics-to-advanced-2024/,$19.99
4580634,Total Python: You Can Master Python Programming in 16 Days,/course/total-python/,$109.99
4007942,Python Programming for the Total Beginner,/course/python-programming-for-the-total-beginner/,$64.99
1647776,"Python 3: Deep Dive (Part 2 - Iterators, Generators)",/course/python-3-deep-dive-part-2/,$129.99
4898996,The Complete Guide To Mastering Python In 2024,/course/the-complete-guide-to-mastering-modern-python/,$79.99
5910162,Learn Python by Doing with 100 Projects,/course/learn-python-by-doing-with-100-projects/,$49.99
5218530,Learn Python by creating 10 apps with tkinter,/course/learn-python-by-creating-10-apps/,$84.99
2400176,Python For Everybody : Learn Python Programming MADE EASY,/course/python-programming-tutorial-a-z/,$64.99
2296484,Python 3: Deep Dive (Part 4 - OOP),/course/python-3-deep-dive-part-4/,$89.99
950390,"Machine Learning A-Z: AI, Python & R + ChatGPT Prize [2024]",/course/machinelearning/,$149.99
4397644,2024 Python Data Analysis & Visualization Masterclass,/course/python-data-analysis-visualization/,$119.99
4826478,Python PCAP: Pass Certified Associate in Python Programming,/course/python-pcap/,$84.99
5457418,Python Data Science: Data Prep & EDA with Python,/course/data-science-in-python-data-prep-eda/,$84.99
897338,Python for Programmers,/course/python-for-programmers/,$84.99
2014820,Complete Python Bootcamp 2024: Zero to Expert in Python,/course/master-python-programming-complete-python-bootcamp/,$109.99
6112535,The AI Engineer Course 2024: Complete AI Engineer Bootcamp,/course/the-ai-engineer-course-complete-ai-engineer-bootcamp/,$49.99
1871636,Complete Python Programming Masterclass Beginner to Advanced,/course/complete-python-programming-masterclass-beginner-to-advanced/,$109.99
2668194,Python for Absolute Beginners | Python Beginner to Pro,/course/the-complete-python-programmer-bootcamp/,$109.99
989224,Python for Absolute Beginners: Learn Python in a Week!,/course/python-programming-for-absolute-beginners/,$79.99
4094340,Python Data Structures & Algorithms + LEETCODE Exercises,/course/data-structures-algorithms-python/,$99.99
2831076,Python Programming - Foundation Course for Data Engineers,/course/python-foundation-course/,$64.99
2563788,Intermediate to Advanced Python with 10 OOP Projects,/course/the-python-pro-course/,$129.99
3599628,Learn Advanced Level Programming in Python,/course/learn-advanced-level-programming-in-python/,$69.99
1754098,The Data Science Course: Complete Data Science Bootcamp 2024,/course/the-data-science-course-complete-data-science-bootcamp/,$129.99
2589314,GUI Development with Python and Tkinter,/course/desktop-gui-python-tkinter/,$99.99
2538582,Python Programming Bootcamp,/course/ultimate-python-tutorial/,$89.99
4780158,Python Data Analysis: NumPy & Pandas Masterclass,/course/python-pandas/,$84.99
4015616,Python Django - The Practical Guide,/course/python-django-the-practical-guide/,$109.99
666914,Python for Beginners: Learn Python Programming (Python 3),/course/python-programming-projects/,$99.99
6074041,Complete Data Analyst Bootcamp From Basics To Advanced,/course/complete-data-analyst-bootcamp-from-basics-to-advanced/,$44.99
4031696,Practical Python: Learn Python Basics Step by Step- Python 3,/course/practical-python-3/,$69.99
4616694,Python for Data Analysis & Business Intelligence,/course/python-foundations-for-data-analysis/,$84.99
5308436,30 Great Python Projects To Help You Master It In 2024,/course/great-python-projects/,$84.99
3397326,Make 20 Advanced Level Applications in Python,/course/make-20-advanced-level-applications-in-python/,$54.99
3840036,Python for Beginners: Easy Python for Beginners Course,/course/python-in-a-weekend/,$64.99
3848374,"Data Engineering Essentials using SQL, Python, and PySpark",/course/data-engineering-essentials-sql-python-and-spark/,$109.99
4355412,FastAPI - The Complete Course 2024 (Beginner + Advanced),/course/fastapi-the-complete-course/,$84.99
903378,The Python Bible™ | Everything You Need to Program in Python,/course/the-python-bible/,$149.99
5483912,Python in 10 Days: The Ultimate Beginner's Bootcamp,/course/python-for-everyone-learn-python-programming-python-3/,$19.99
6121449,Python Object Oriented Programming Advanced: Metaclasses,/course/metaclasses-and-dataclasses-in-software-engineering/,$49.99
2337220,Learn Complete Python In Simple Way,/course/learn-complete-python-tutorial-in-simple-way/,$79.99
3479692,Learn Pro Advanced Python Programming,/course/learn-pro-advanced-python-programming/,$64.99
2511476,"Complete A.I. & Machine Learning, Data Science Bootcamp",/course/complete-machine-learning-and-data-science-zero-to-mastery/,$129.99
1035472,Python for Finance: Investment Fundamentals & Data Analytics,/course/python-for-finance-investment-fundamentals-data-analytics/,$159.99
577248,Python for Beginners with Examples,/course/ardit-sulce-python-for-beginners/,$84.99
3262348,Learn Python From Scratch - Basic to Advance,/course/learn-python-from-scratch-basic-to-advance/,$19.99
1527300,Learn Python & Ethical Hacking From Scratch,/course/learn-python-and-ethical-hacking-from-scratch/,$174.99
2769460,Python for Machine Learning & Data Science Masterclass,/course/python-for-machine-learning-data-science-masterclass/,$129.99
1933808,Python OOP - Object Oriented Programming for Beginners,/course/python-object-oriented-programming-oop/,$89.99
397068,Selenium Webdriver with PYTHON from Scratch + Frameworks,/course/learn-selenium-automation-in-easy-python-language/,$174.99
5434672,Python for Beginners: Learn Python with Hands-on Projects,/course/python-for-beginners-hands-on/,$79.99
913448,Python A-Z™: Python For Data Science With Real Exercises!,/course/python-coding/,$109.99
671576,"Machine Learning, Data Science and Generative AI with Python",/course/data-science-and-machine-learning-with-python-hands-on/,$129.99
3579349,Python Automation Testing With Pytest,/course/python-automation-pytest/,$79.99
3931694,Advanced Python: Python packaging. Pip install your scripts!,/course/python-packaging/,$49.99
3493396,2024 Complete Python Bootcamp from Zero to Hero in Python,/course/python-programming-for-beginners-m/,$59.99
5622652,Master Python for Data Handling [2024],/course/master-python-for-data-handling/,$19.99
1343594,Complete Python 3 Programming Bootcamp: Beginner to Advanced,/course/complete-python-programming-course-beginner-to-advanced/,$84.99
1793080,Python for Beginners,/course/python-tutorials-for-by-navinreddy/,$79.99
3820098,Learn Parallel Computing in Python,/course/parallel-computing-in-python/,$64.99
1546884,Python and Flask Bootcamp: Create Websites using Flask!,/course/python-and-flask-bootcamp-create-websites-using-flask/,$94.99
4385492,"300+ Python Exercises (Simple, Intermediate & Complex)",/course/300-python-exercises-simple-and-complex-with-algorithm/,$59.99
3439724,Master Python programming by solving scientific projects,/course/python-scientific-x/,$109.99
932344,Data Analysis with Pandas and Python,/course/data-analysis-with-pandas/,$124.99
1034284,Master Python by Coding 100 Practical Problems,/course/python-video-workbook/,$99.99
5515110,"Python - Complete Python, Django, Data Science and ML Guide",/course/python-complete-guide/,$84.99
3044474,The Complete Python Developer Certification Course,/course/the-complete-python-developer-certification-course/,$109.99
1982382,Python for Computer Vision with OpenCV and Deep Learning,/course/python-for-computer-vision-with-opencv-and-deep-learning/,$99.99
970600,REST APIs with Flask and Python in 2024,/course/rest-api-flask-and-python/,$129.99
4316674,"Data Analyst Skillpath: Zero to Hero in Excel, SQL & Python",/course/data-analyst-skillpath-zero-to-hero-in-excel-sql-python/,$99.99
4221858,A deep understanding of deep learning (with Python intro),/course/deeplearning_x/,$119.99
2095410,"Python + SQL + Tableau: Integrating Python, SQL, and Tableau",/course/python-sql-tableau-integrating-python-sql-and-tableau/,$129.99
3471238,Python Developer | Complete course 2023,/course/python-developer-complete-course/,$79.99
3043390,Python For Beginners - Python Bootcamp - Python Programming,/course/python-for-those-absolute-beginners-who-never-programmed/,$69.99
822444,Python and Django Full Stack Web Developer Bootcamp,/course/python-and-django-full-stack-web-developer-bootcamp/,$149.99
4253034,2024 Python Bootcamp | Learn Python Programming Masterclass,/course/learn-python-programming-with-jafricode-tutorials/,$64.99
1554180,Python Network Programming for Network Engineers (Python 3),/course/python-network-programming-for-network-engineers-python-3/,$109.99
394676,Learn Python: The Complete Python Programming Course,/course/pythonforbeginners/,$99.99
1337374,Complete Python 3 Masterclass Journey,/course/complete-python-3-masterclass-journey/,$84.99
5517074,Python Data Science: Regression & Forecasting,/course/data-science-in-python-regression/,$19.99
4929652,Python AI - Simply Explained Hands-On,/course/python-the-ultimate-course-2023-everything-youll-ever-need/,$84.99
1151632,"Deep Learning A-Z 2024: Neural Networks, AI & ChatGPT Prize",/course/deeplearning/,$129.99
2648040,The Complete Data Structures and Algorithms Course in Python,/course/data-structures-and-algorithms-bootcamp-in-python/,$109.99
3570337,The Data Analyst Course: Complete Data Analyst Bootcamp,/course/the-data-analyst-course-complete-data-analyst-bootcamp/,$149.99
3077122,Learn Python Programming From A-Z: Beginner To Expert Course,/course/learn-python-programming-from-a-z/,$64.99
6171961,The 10-Day Python Bootcamp for Engineers and Scientists 2024,/course/python-for-engineers-scientists-and-analysts/,$49.99
5930252,Python Data Science: Unsupervised Machine Learning,/course/data-science-in-python-unsupervised-learning/,$84.99
4294434,Machine Learning: Natural Language Processing in Python (V2),/course/natural-language-processing-in-python/,$94.99
980798,Spark and Python for Big Data with PySpark,/course/spark-and-python-for-big-data-with-pyspark/,$174.99
4013524,Master Time Series Analysis and Forecasting with Python 2025,/course/forecasting-python/,$79.99
405456,Build 10 Network Applications with Python,/course/python-programming-for-real-life-networking-use/,$19.99
3615822,Learn Streamlit Python,/course/learn-streamlit-python/,$64.99
3570649,Python Best Practices: Learn to Write Clean Python Code,/course/python-best-practices-write-clean-python-code/,$64.99
3232237,Python for Excel: Use xlwings for Data Science and Finance,/course/python-for-excel-xlwings-for-data-science-and-finance/,$89.99
1856076,The Complete Pandas Bootcamp 2025: Data Science with Python,/course/the-pandas-bootcamp/,$109.99
5740958,Python Data Science: Classification Modeling,/course/data-science-in-python-classification/,$84.99
4202866,"Web Scraping in Python Selenium, Scrapy + ChatGPT Prize 2024",/course/web-scraping-course-in-python-bs4-selenium-and-scrapy/,$99.99
5016394,Python Programming Mastery: From Beginner to Expert,/course/python-programming-mastery-from-beginner-to-expert/,$19.99
918390,Natural Language Processing with Deep Learning in Python,/course/natural-language-processing-with-deep-learning-in-python/,$69.99
5841794,Master Pandas and Python for Data Handling [2024],/course/master-pandas-and-python-for-data-handling/,$84.99
1772174,Python for Beginners - Go from Java to Python in 100 Steps,/course/learn-python-programming-for-java-programmers/,$74.99
4900010,[2025] Complete Python Bootcamp From Zero to Hero in Python,/course/complete-python-bootcamp-from-zero-to-hero-in-python/,$84.99
1198640,Python OOP : Four Pillars of OOP in Python 3 for Beginners,/course/python-oops-beginners/,$84.99
2831952,The Ultimate Pandas Bootcamp: Advanced Python Data Analysis,/course/the-ultimate-pandas-bootcamp-advanced-python-data-analysis/,$99.99
3591484,Excel Automation Using Python,/course/excel-automation-using-python/,$79.99
5571740,Math 0-1: Matrix Calculus in Data Science & Machine Learning,/course/matrix-calculus-machine-learning/,$74.99
1909942,Master Network Automation with Python for Network Engineers,/course/master-python-network-automation-for-network-engineers/,$109.99
2235470,Python for Time Series Data Analysis,/course/python-for-time-series-data-analysis/,$119.99
2045310,Build a Backend REST API with Python & Django - Advanced,/course/django-python-advanced/,$149.99
1575562,Interactive Python Dashboards with Plotly and Dash,/course/interactive-python-dashboards-with-plotly-and-dash/,$124.99
3047216,Python for beginners - Learn all the basics of python,/course/python-for-beginners-learn-all-the-basics-of-python/,$54.99
264454,Python Programming Tutorial: Learn Online | MongoDB | Django,/course/learn-programming-quick-with-python-by-examples/,$19.99
2948290,Python Complete Course: with 30+ Hands-on Tasks and Solution,/course/learning-python-for-beginners-1-data-types-input-format/,$64.99
6148645,"RAG, AI Agents and Generative AI with Python and OpenAI 2025",/course/generative-ai-rag/,$49.99
3741094,"Python: Coding Guidelines, Tools, Tests and Packages [2024]",/course/python-coding-guidelines-tooling-testing-and-packaging/,$74.99
1907136,Using MySQL Databases With Python,/course/using-mysql-databases-with-python/,$64.99
5657272,50 Days of DSA Python Data Structures Algorithms LEETCODE,/course/python-data-structures-algorithms/,$74.99
1144936,Programming with Python : HandsOn Introduction for Beginners,/course/python-programming-beginners/,$69.99
5747348,Python Crash Course: Dive into Coding with Hands-On Projects,/course/python-crash-course-cgev/,$49.99
2722434,Python Programming - From Basics to Advanced level,/course/python-programming-beginner-to-advanced/,$64.99
2326560,Data Structures and Algorithms: In-Depth using Python,/course/learning-data-structures-algorithms-in-python-from-scratch/,$94.99
4471124,Python for Data Analysis & Visualization,/course/python-for-data-analysis-visualization/,$89.99
2745938,Python Bootcamp : Complete Python Programming Masterclass,/course/python-bootcamp-complete-python-programing-masterclass/,$79.99
3434032,Python Complete Course For Python Beginners,/course/python-complete-course-for-beginners/,$54.99
5871790,Master Regression & Prediction with Pandas and Python [2024],/course/master-regression-prediction-with-pandas-and-python-2024/,$79.99
5281528,LangChain- Develop LLM powered applications with LangChain,/course/langchain/,$89.99
5201866,Python and Machine Learning for Complete Beginners,/course/python-machine-learning-beginners/,$84.99
5853642,"Generative AI: OpenAI API, ChatGPT, and GPT-4 in Python",/course/genai-openai-chatgpt/,$79.99
2276027,Manage Finance Data with Python & Pandas: Unique Masterclass,/course/finance-data-with-python-and-pandas/,$109.99
3395102,"Algorithmic Trading A-Z with Python, Machine Learning & AWS",/course/algorithmic-trading-with-python-and-machine-learning/,$109.99
4230404,Python for Finance and Algorithmic Trading with QuantConnect,/course/python-for-finance-and-algorithmic-trading-with-quantconnect/,$109.99
980086,Deep Learning Prerequisites: The Numpy Stack in Python (V2+),/course/deep-learning-prerequisites-the-numpy-stack-in-python/,$94.99
2485240,Python : Master Programming and Development with 15 Projects,/course/python-complete-bootcamp-2019-learn-by-applying-knowledge/,$69.99
6196847,Python for SEO & Content Marketing,/course/python-for-seo-and-content-automation/,$44.99
6257009,Python Programming Mastery: From Beginner to Pro,/course/python-programming-mastery-from-beginner-to-pro/,$54.99
4587812,Python Programming Complete Beginners Course Bootcamp 2024,/course/learn-python-from-scratch-its-usage-by-nasa-in-mars-rovers/,$49.99
6153541,Master Cluster Analysis with Python and Pandas [2024],/course/master-cluster-analysis-with-python-and-pandas/,$49.99
1319746,Automated Software Testing with Python,/course/automated-software-testing-with-python/,$99.99
2552715,Master Math by Coding in Python,/course/math-with-python/,$139.99
1350350,Quantitative Finance & Algorithmic Trading in Python,/course/quantitative-finance-algorithmic-trading-in-python/,$109.99
4402003,Python Certification | Python PCEP Certification in 5 days,/course/get-python-pcep-certification-in-5-days-with-practice-test/,$84.99
4386182,Python Guided Project: Building Tic-Tac-Toe from Scratch,/course/python-guided-project-building-tic-tac-toe-from-scratch/,$49.99
6093253,AI-Agents: Automation & Business with LangChain & LLM Apps,/course/ai-agents-automation-business-with-langchain-llm-apps/,$49.99
2557116,Python for the Jupyter Notebook,/course/python-for-the-jupyter-notebook/,$49.99
6053693,Python Programming for Beginners: Learn Python from Scratch,/course/python-programming-for-beginners-learn-python-from-scratch/,$49.99
5905952,Python for Data Science: Python Programming & Data Analysis,/course/python-for-data-science-starttech/,$64.99
2467958,Learn Python Requests,/course/learn-python-requests/,$49.99
1677376,API and Web Service Introduction,/course/api-and-web-service-introduction/,$109.99
3184584,PySpark - Apache Spark Programming in Python for beginners,/course/apache-spark-programming-in-python-for-beginners/,$89.99
2058283,NLP - Natural Language Processing with Python,/course/nlp-natural-language-processing-with-python/,$109.99
1088256,DP-100: A-Z Machine Learning using Azure Machine Learning,/course/machine-learning-using-azureml/,$129.99
5855036,Python Code Optimization: Pro Techniques to Boost Code Speed,/course/python-code-optimization-pro-techniques-to-boost-code-speed/,$54.99
4324528,"Data Manipulation in Python: Master Python, Numpy & Pandas",/course/master-data-science-in-python/,$59.99
4426792,Computational Physics: Scientific Programming with Python,/course/computational-physics/,$84.99
4828556,"Learn Selenium with Python, PyTest & Frameworks",/course/learn-selenium-with-python-d/,$79.99
5432816,DSA In Python + Top 100 Leetcode Problems for MAANG,/course/mastering-leetcode-in-python-top-100-most-asked-problems/,$69.99
2167996,Design Patterns in Python,/course/design-patterns-python/,$79.99
5559012,Master AWS with Python and Boto3,/course/master-aws-with-python-and-boto3/,$19.99
5966548,Python Development and Python Programming Fundamentals,/course/python-development-and-python-programming-fundamentals/,$24.99
4295870,Python Basics Course,/course/python-entry-level-programmer-certification-pcep/,$59.99
2860646,Data Manipulation in Python: A Pandas Crash Course,/course/data-manipulation-in-python/,$89.99
1644756,Algorithmic Trading & Quantitative Analysis Using Python,/course/algorithmic-trading-quantitative-analysis-using-python/,$109.99
2034070,Python on the Backend,/course/python-on-the-back-end-for-beginners-http-server/,$69.99
1899124,Recommender Systems and Deep Learning in Python,/course/recommender-systems/,$109.99
3957970,Optimization with Python: Solve Operations Research Problems,/course/optimization-with-python-linear-nonlinear-and-cplex-gurobi/,$84.99
3279504,Financial Engineering and Artificial Intelligence in Python,/course/ai-finance/,$74.99
4349894,"Databases with Python: MySQL, SQLite & MongoDB with Python",/course/databases-with-python-mysql-sqlite-mongodb-with-python/,$54.99
5874984,"Data Analyst in Python, Tableau, SQL & ChatGPT with Projects",/course/python-mysql-chatgpt-tableau-with-data-analysis-projects/,$84.99
887814,Deep Learning: Recurrent Neural Networks in Python,/course/deep-learning-recurrent-neural-networks-in-python/,$119.99
1495788,Learn to Code in Python 3: Programming beginner to advanced,/course/learn-python-programming-a-step-by-step-course-to-beginners/,$69.99
3365628,Learn API Automation Testing with Python & BDD Framework,/course/python-sdet-rest-api-automation/,$119.99
3428726,Python & Machine Learning for Financial Analysis,/course/ml-and-python-in-finance-real-cases-and-practical-solutions/,$84.99
1212032,Python for Financial Analysis and Algorithmic Trading,/course/python-for-finance-and-trading-algorithms/,$109.99
5489314,Generative AI using OpenAI API for Beginners,/course/open-ai-api-for-beginners-using-python/,$19.99
4030112,"Time Series Analysis, Forecasting, and Machine Learning",/course/time-series-analysis/,$74.99
2643050,Customer Analytics in Python,/course/customer-analytics-in-python/,$99.99
713104,Data Science: Deep Learning and Neural Networks in Python,/course/data-science-deep-learning-in-python/,$84.99
3856988,Natural Language Processing Bootcamp in Python,/course/nlp_natural_language_processing_python_beginners/,$79.99
4824578,Selenium WebDriver: Selenium Automation Testing with Python,/course/selenium-webdriver-python-course/,$74.99
1011712,Bayesian Machine Learning in Python: A/B Testing,/course/bayesian-machine-learning-in-python-ab-testing/,$99.99
6077075,Learn Python By Coding: 10 Projects,/course/10-mini-projects/,$39.99
5313750,Data Engineering for Beginners with Python and SQL,/course/data-engineering-for-beginners-with-python-and-sql/,$19.99
4136098,Playwright with Python for Web Automation Testing + Visual,/course/playwright-with-python-for-web-automation-testing/,$84.99
3557793,Python for Data Science,/course/python-data-science-master-course/,$69.99
3694430,Python Complete Course For Beginners,/course/python-complete-course-for-beginners-h/,$44.99
5166562,100 Days of Code: A Challenging Complete Python Pro Bootcamp,/course/excellent-python-3-bootcamp-in-2023/,$54.99
5773278,ChatGPT Python Programming: AI Guided Code Mastery,/course/ai-guided-python-programming/,$84.99
4475410,Neural Networks In Python From Scratch. Build step by step!,/course/build-neural-networks-from-scratch-with-python-step-by-step/,$54.99
1094964,Build a Backend REST API with Python & Django - Beginner,/course/django-python/,$99.99
825684,Cluster Analysis and Unsupervised Machine Learning in Python,/course/cluster-analysis-unsupervised-machine-learning-python/,$24.99
3407178,Python And Flask Framework Complete Course,/course/flask-framework-complete-course-for-beginners/,$64.99
631128,Web Developer Bootcamp with Flask and Python in 2024,/course/web-developer-bootcamp-flask-python/,$139.99
3432302,"Data Analysts Toolbox: Excel, Python, Power BI, PivotTables",/course/data-analysts-toolbox-excel-python-power-bi/,$109.99
6002270,Python for Complete Beginners,/course/python-with-google-colab/,$49.99
1427116,Django for Python Developers,/course/django-for-python-developers/,$84.99
5121820,"OpenAI Python API Bootcamp: Learn to use AI, GPT, and more!",/course/openai-python-api-bootcamp-learn-to-use-ai-gpt3-and-more/,$99.99
3798394,Mastering Data Visualization with Python,/course/mastering-data-visualization-with-python/,$64.99
3559007,Python: From Zero to Hero - Code Your Way to the Top,/course/the-python-programming-v39-comprehensive-bootcamp/,$69.99
2861796,Python And Django Framework For Beginners Complete Course,/course/python-and-django-for-beginners/,$59.99
5700566,OpenAI Assistants with OpenAI Python API,/course/openai-assistants-with-openai-python-api/,$19.99
2474716,Credit Risk Modeling in Python,/course/credit-risk-modeling-in-python/,$119.99
3669784,Statistics for Data Analysis Using Python,/course/statistics-with-python/,$84.99
4033434,"Generative AI, from GANs to CLIP, with Python and Pytorch",/course/generative-creative-ai-from-gans-to-clip-with-python-and-pytorch/,$109.99
5241994,PYSPARK End to End Developer Course (Spark with Python),/course/pyspark-end-to-end-developer-course-spark-with-python/,$84.99
648448,"API Testing with Python 3 & PyTest, Backend Automation 2024",/course/backend-api-testing-with-python/,$89.99
5663772,The Complete Python Bootcamp from Zero to Expert,/course/the-complete-python-bootcamp-from-zero-to-expert/,$19.99
1258298,Complete Data Science Training with Python for Data Analysis,/course/complete-data-science-training-with-python-for-data-analysis/,$84.99
2020688,Machine Learning and AI: Support Vector Machines in Python,/course/support-vector-machines-in-python/,$74.99
772462,Data Science: Modern Deep Learning in Python,/course/data-science-deep-learning-in-theano-tensorflow/,$119.99
5391910,Python Programming Masterclass,/course/python-programming-masterclass-s/,$19.99
3731276,Data Mining for Business Analytics & Data Analysis in Python,/course/data-mining-python/,$79.99
1153742,Advanced AI: Deep Reinforcement Learning in Python,/course/deep-reinforcement-learning-in-python/,$24.99
2400996,"Decision Trees, Random Forests, AdaBoost & XGBoost in Python",/course/machine-learning-advanced-decision-trees-in-python/,$99.99
1646886,Intro to Data Science: QuickStart Guide + AI & ChatGPT Prize,/course/intro-to-data-science/,$94.99
4972370,Python And Django Framework And HTML 5 Stack Complete Course,/course/python-and-django-framework-and-html-5-complete-course-2022/,$64.99
1923998,"Signal processing problems, solved in MATLAB and in Python",/course/signal-processing/,$84.99
3257648,2025 Natural Language Processing in Python for Beginners,/course/nlp-in-python/,$74.99
1417610,Unit Testing and Test Driven Development in Python,/course/unit-testing-and-tdd-in-python/,$49.99
807904,Deep Learning: Convolutional Neural Networks in Python,/course/deep-learning-convolutional-neural-networks-theano-tensorflow/,$139.99
3769792,Python & Django REST API Bootcamp - Build A Python Web API,/course/the-complete-python-django-rest-api-development-bootcamp/,$54.99
2389518,Full stack web development and AI with Python (Django),/course/unaicorn/,$99.99
482754,Python From Scratch & Selenium WebDriver QA Automation 2024,/course/selenium-webdriver-and-python/,$159.99
2841064,Python Data Science with Pandas: Master 12 Advanced Projects,/course/python-data-science-with-pandas-master-advanced-projects/,$99.99
4390890,Python for Deep Learning: Build Neural Networks in Python,/course/deep-learning-basics-with-python/,$54.99
3378022,Python And Flask Framework Complete Course For Beginners,/course/python-for-beginners-course-/,$39.99
622414,Taming Big Data with Apache Spark and Python - Hands On!,/course/taming-big-data-with-apache-spark-hands-on/,$119.99
4304745,Robot Framework with Python- Selenium/API Automation Testing,/course/robot-framework-with-python-selenium/,$84.99
882826,The Complete Python Programming Course: Beginner to Advanced,/course/python-complete/,$99.99
5239222,Mastering OpenAI Python APIs: Unleash ChatGPT and GPT4,/course/mastering-openai/,$119.99
1510692,"Complete Course on Data Visualization, Matplotlib and Python",/course/complete-course-on-data-visualization-matplotlib-and-python/,$74.99
4490594,Python Unit Testing Fundamentals (using unittest & pytest),/course/python-unit-testing-fundamentals/,$59.99
4063338,Data Science: Python for Data Analysis Full Bootcamp,/course/mastering-python-data-handling-analysis-and-visualization/,$64.99
5356098,Python Accelerator : Mastering Python with Google Bard AI,/course/python-accelerator-mastering-python-with-google-bard-ai/,$64.99
4341188,Django 4 and Python Full-Stack Developer Masterclass,/course/django-and-python-full-stack-developer-masterclass/,$99.99
1382702,The Complete Machine Learning Course with Python,/course/machine-learning-course-with-python/,$99.99
4912358,2023 Python Fundamentals : One Course for Start in IT,/course/pythonstarter/,$199.99
5267230,"Prompt Engineering for Data Analysis Python, Pandas, ChatGPT",/course/chatgptandpython/,$119.99
6154923,Python Beginners to Advance Bootcamp,/course/python-beginners-to-advance-bootcamp/,$49.99
4850130,Machine Learning using Python,/course/machine-learning-using-python-starttech/,$74.99
4392170,"CSS, JavaScript And Python Complete Course",/course/css-javascript-and-python-complete-course/,$54.99
3105814,Python-Introduction to Data Science and Machine learning A-Z,/course/python-introduction-to-data-science-and-machine-learning-a-z/,$49.99
2652356,Neural Networks in Python: Deep Learning for Beginners,/course/neural-network-understanding-and-building-an-ann-in-python/,$84.99
6185863,[AI] Create a Object Recognition Web App with Python & React,/course/create-a-object-recognition-web-app-with-python-react/,$54.99
3495852,Python For Beginners Course In-Depth,/course/python-for-beginners-course-in-depth/,$39.99
4141774,"Python: Machine Learning, Deep Learning, Pandas, Matplotlib",/course/python-machine-learning-deep-learning-pandas-matplotlib/,$69.99
5148374,Learn the Python Programming Language,/course/learn-the-python-programming-language/,$19.99
5143246,Build Python Programs with ChatGPT with Zero Coding Skills,/course/turn-ideas-into-python-programs-with-chatgpt/,$84.99
1478886,Data Science : Complete Data Science & Machine Learning,/course/complete-data-science-and-machine-learning-using-python/,$109.99
5865880,"Python Complete Course And Flask Framework, HTML Essentials",/course/python-complete-course-and-flask-framework-html-2024-edition/,$44.99
3251302,"The Data Visualization Course: Excel, Tableau, Python, R",/course/the-complete-data-visualization-course/,$84.99
3391970,RA: Data Science and Supply Chain analytics. A-Z with Python,/course/ra-data-science-and-supply-chain-analytics-a-z-with-python/,$79.99
3972018,"HTML 5,Python,Flask Framework All In One Complete Course",/course/html-5pythonflask-framework-all-in-one-complete-course/,$54.99
5291044,MS Excel Automation | Excel Data Analysis with Python,/course/ms-excel-automation-excel-data-analysis-with-python/,$59.99
2310440,Cutting-Edge AI: Deep Reinforcement Learning in Python,/course/cutting-edge-artificial-intelligence/,$94.99
2079358,Complete Data Wrangling & Data Visualisation With Python,/course/complete-data-wrangling-data-visualisation-with-python/,$64.99
753140,Data Science: Natural Language Processing (NLP) in Python,/course/data-science-natural-language-processing-in-python/,$119.99
6173975,Jumpstart Python & Gen AI: Zero to Hero for Beginners,/course/python-genai-from-scratch/,$39.99
396876,Learning Python for Data Analysis and Visualization Ver 1,/course/learning-python-for-data-analysis-and-visualization/,$174.99
4001116,Data pre-processing for Machine Learning in Python,/course/data-pre-processing-for-machine-learning-in-python/,$74.99
1041564,"Ensemble Machine Learning in Python: Random Forest, AdaBoost",/course/machine-learning-in-python-random-forest-adaboost/,$24.99
1080408,Artificial Intelligence: Reinforcement Learning in Python,/course/artificial-intelligence-reinforcement-learning-in-python/,$74.99
3812128,Complete PYTHON Programming for Beginners - 2024,/course/easy-way-to-learn-python-for-beginners-2021/,$64.99
3482694,Data Analytics Real-World Projects in Python,/course/data-analytics-projects-python/,$74.99
4391444,Machine Learning with Python : COMPLETE COURSE FOR BEGINNERS,/course/machine-learning-a-z-with-python-with-project-beginner/,$69.99
3288036,Machine Learning & Deep Learning in Python & R,/course/data_science_a_to_z/,$79.99
1144906,Web Scraping In Python: Master The Fundamentals,/course/introduction-to-data-exractionweb-scraping-in-python/,$89.99
944014,Data Science: Supervised Machine Learning in Python,/course/data-science-supervised-machine-learning-in-python/,$24.99
1540800,Python Programming for Non-Engineers & Non-Technical Folks,/course/first-time-manager-training-to-develop-essential-skills/,$94.99
4692120,Fundamentals of Python Programming for Beginners,/course/python-programming-fundamentals-in-one-hour/,$24.99
3438306,"Mastering Python, Pandas, Numpy for Absolute Beginners",/course/python-numpy-for-absolute-beginners/,$44.99
4396628,Python for Machine Learning: The Complete Beginner's Course,/course/python-for-machine-learning-beginners/,$59.99
3256672,Python for Mechanical Engineers,/course/python-for-mechanical-engineers/,$69.99
6189863,Hands-On Python Machine Learning with Real World Projects,/course/hands-on-python-machine-learning-with-real-world-projects/,$54.99
556954,Deep Learning Prerequisites: Linear Regression in Python,/course/data-science-linear-regression-in-python/,$129.99
2567312,Time Series Analysis in Python,/course/time-series-analysis-in-python/,$79.99
5155028,Python: SOLID Principles and Top Design Patterns,/course/python-solid-principles-and-top-design-patterns/,$84.99
5951198,90 Days of Python : From Zero to becoming a Pro Developer,/course/90-days-of-python-from-zero-to-becoming-a-pro-developer-c/,$84.99
6016712,Python Programming for Beginners: Learn Python in 7 Days,/course/python-programming-for-beginners-learn-python-in-7-days/,$59.99
1887122,"Python 3: Deep Dive (Part 3 - Dictionaries, Sets, JSON)",/course/python-3-deep-dive-part-3/,$119.99
5502478,The Essential Guide To Type Annotations In Python,/course/pythontypes/,$54.99
3644138,Python for Beginners (2024),/course/python-for-complete-beginners-1/,$19.99
2712250,Python Loops and Looping Techniques: Beginner to Advanced,/course/python-loops-and-looping-techniques-beginner-to-advanced/,$74.99
5875636,PyCharm IDE Mastery: Advanced Debugging & Python Development,/course/pycharm-ide-mastery-advanced-debugging-python-development/,$49.99
1917582,Learn Advanced Python Programming,/course/learn-advanced-python-programming/,$49.99
3986630,Python 3 Fundamentals: Beginners Guide to Python Programming,/course/python-3-fundamentals-guide-to-python-programming/,$49.99
4933864,Python Crash Course:  Gain Real World Developer Skills Now!,/course/python-crash-programming-course/,$79.99
5189320,Python Programming for AWS - Learn Python with AWS and Boto3,/course/python-programming-for-aws-with-boto3/,$84.99
4761976,Taking Python to Production: A Professional Onboarding Guide,/course/setting-up-the-linux-terminal-for-software-development/,$69.99
6117989,15 Days of Coding: Python Crash Course For Beginners 2024,/course/15-days-of-coding-python-mastery-class-for-beginners-2024/,$49.99
4901496,"Intermediate Python: Memory, Decorator, Async, Cython & more",/course/intermediate-python-memory-decorator-async-cython-more/,$69.99
4230454,Basics of Python in 2 Hours,/course/basics-of-python-course/,$69.99
2430478,Python Bootcamp: Master Python with Real-World Projects,/course/the-complete-python-for-beginner-master-python-from-scratch/,$54.99
4760478,Learn Python by making games,/course/learn-python-by-making-games/,$79.99
5122742,The Ultimate Web Scraping With Python Bootcamp 2024,/course/the-ultimate-web-scraping-with-python-bootcamp/,$64.99
5559598,Professional Python Developer Bootcamp 2024,/course/professional-python-developer-bootcamp/,$19.99
1692094,Python Fundamentals: Beginner's Guide to Coding with Python,/course/python-3-course/,$44.99
2374536,Solve 250 Python Exercises,/course/python-exercises/,$19.99
4943118,Python Data Visualization: Matplotlib & Seaborn Masterclass,/course/python-data-visualization-matplotlib-seaborn/,$84.99
4391922,Python Certification Exam PCEP-30-02 - Preparation (2024),/course/pcep-certification-python-exam-practice-tests/,$69.99
4066948,"Python Programming: Machine Learning, Deep Learning | Python",/course/python-programming-machine-learning-deep-learning-python/,$74.99
3074016,Advanced Python Skills: become a better Python developer!,/course/advanced-python-skills-become-a-better-python-developer/,$69.99
3218591,Python Course From Basic to Advanced,/course/basic-python-course-for-beginner/,$59.99
5885918,complete Python tutorial| Jupyter Lab| Spyder| 0 to 100 | ML,/course/complete-python-tutorial-jupyter-lab-spyder-0-to-100/,$39.99
4541128,Python For Beginners: Learn Python & Practice Your Python,/course/python-beginners-learn-practice/,$64.99
4450214,Python Object Oriented Programming (OOP): Beginner to Pro,/course/object-oriented-programming-with-modern-python/,$79.99
3422472,Python Certification Training (beginner to expert),/course/python-programming-beginner-to-expert/,$49.99
4066954,Data Visualization with Python Masterclass | Python A-Z,/course/data-visualization-with-python-masterclass-python-a-z/,$69.99
4776262,Python Learning for Network Engineers Automation Masterclass,/course/python-for-network-engineers/,$79.99
2471444,Control Excel with Python & OpenPyXL,/course/control-excel-with-python-openpyxl/,$74.99
1641648,Python - The Practical Guide,/course/learn-python-by-building-a-blockchain-cryptocurrency/,$89.99
5405848,Intermediate Python: Master Decorators From Scratch,/course/intermediate-python-master-decorators-from-scratch/,$59.99
4390872,Python Certification Exam PCAP-31-03 - Preparation (2024),/course/pcap-certification-python-exam-practice-tests/,$79.99
4466500,Python Programming Beginner Tutorial+Replit Python Bootcamp,/course/python-programming-replit/,$59.99
4413368,Mastering of Python Script for System Administrator,/course/mastering-of-python-script-for-system-administrator/,$64.99
3652082,Learn Python in 5 Hours,/course/learn-python-in-5-hours/,$44.99
5699596,Learn to Create 5 Pro Advanced Level Applications in Python,/course/learn-to-create-5-pro-advanced-level-applications-in-python/,$19.99
3624206,"Python Programming - Multithreading, OOP, NumPy and Pandas",/course/python-programming-basics-multithreading-oop/,$79.99
5160648,Data Science and Machine Learning Fundamentals [2024],/course/data-science-and-machine-learning-fundamentals-one/,$19.99
5355976,Data Science Mastery: Journey into Machine Learning,/course/data-science-mastery-journey-into-machine-learning-2023/,$59.99
5570060,The Complete Python Course 2024,/course/the-complete-python-course-chris-haroun-and-luka-anicin/,$84.99
6095911,Python Programming Course: Beginner to Advanced,/course/python-programming-course-beginner-to-advanced/,$49.99
5217746,Make 10 Android/iOS Mobile Applications in Python,/course/make-10-androidios-mobile-applications-in-python/,$74.99
2773488,Python Programming for Beginners and Kids - Anyone Can Code,/course/python-for-beginners-anyone-can-code/,$79.99
2480028,Learn Programming with Python,/course/learn-programming-with-python/,$59.99
4060870,Python in Easy Way in Hindi : Python for beginners 2024,/course/easypython/,$59.99
4563942,"Python Coding Intermediate: Python Classes, Methods and OOPs",/course/python-coding-intermediate-python-classes-methods-and-oops/,$44.99
3617896,Python for beginners - Learn all the basics of python,/course/python-for-beginners-learn/,$44.99
6065015,Master Python Hacking: 15+ Projects from Beginner to Expert,/course/python3-for-ethical-hacking-malware-dev-from-scratch/,$39.99
6110451,Math 0-1: Probability for Data Science & Machine Learning,/course/probability-data-science-machine-learning/,$69.99
4389340,Complete Python Course Bootcamp | Python Libraries Unlocked,/course/learn-python-important-libraries-python-libraries-unlocked/,$64.99
3160664,"Master statistics & machine learning: intuition, math, code",/course/statsml_x/,$109.99
6064281,Reinforcement Learning for Algorithmic Trading with Python,/course/reinforcement-learning-for-algorithmic-trading-with-python/,$44.99
4408810,Python Projects: Python & Data Science with Python Projects,/course/python-projects-python-data-science-with-python-projects/,$74.99
5088876,Math 0-1: Calculus for Data Science & Machine Learning,/course/calculus-data-science/,$69.99
5199368,Python Programming: Beginner to Professional Complete Course,/course/python-programming-complete-course/,$69.99
3497946,Learn to code with an Introduction to Python 3,/course/learn-to-code-with-an-introduction-to-python-3/,$59.99
5086762,Shiny for Python Ultimate: Web Development with Python,/course/shiny-for-python-ultimate/,$54.99
4780328,Machine Learning Applied to Stock & Crypto Trading - Python,/course/machine-learning-applied-to-stock-crypto-trading-python/,$74.99
3878988,Python Developer Bootcamp - Beginner to Expert,/course/python-developer-bootcamp-beginner-to-expert/,$59.99
5787046,Data Analytics Career Path: 72 Days of Data Analyst Bootcamp,/course/data-analytics-career-track/,$79.99
3663114,Mastering 4 critical SKILLS using Python,/course/python-4skills/,$79.99
4279462,Concurrent and Parallel Programming in Python,/course/concurrent-and-parallel-programming-in-python/,$59.99
3808084,Edit sound with Python NumPy: Improve code performance 1000x,/course/big-data-code-optimization-in-python-numpy-sound-processing/,$74.99
5289380,Python- Numpy & Pandas Python Programming Language Libraries,/course/python-numpy-pandas-python-programming-language-libraries/,$59.99
5903350,The 2024 Pandas Bootcamp: Advanced Data Analysis with Python,/course/pandas-python-data-analysis-bootcamp/,$49.99
4545714,Essential Guide to Python Pandas,/course/essential-guide-to-python-pandas/,$64.99
5682580,ChatGPT for Python Data Science and Machine Learning,/course/chatgpt-for-python-data-science-and-machine-learning/,$84.99
6145083,Python for Beginners | Learn the Fundamentals,/course/python-for-beginners-learn-the-fundamentals/,$54.99
5601166,ChatGPT and LangChain: The Complete Developer's Masterclass,/course/chatgpt-and-langchain-the-complete-developers-masterclass/,$99.99
405878,Python for Beginners - Learn Programming from scratch,/course/python-for-beginners-learn-programming-from-scratch/,$64.99
1318112,Complete 2022 Data Science & Machine Learning Bootcamp,/course/python-data-science-machine-learning-bootcamp/,$109.99
4325066,Python PCEP-30-01: Certified Entry-Level Python Programmer,/course/pcep-entry-level-python-programmer-certification/,$84.99
2501500,Python Data Course: Python for Data Analysis & Visualization,/course/python-data-analysis-visualization-course/,$54.99
2269454,Python for Beginners: Complete Python Programming,/course/python-programming-course/,$39.99
4881804,Master calculus 1 using Python: derivatives and applications,/course/pycalc1_x/,$84.99
4008742,Data Analysis in Python. A Pandas Crash Course for Beginners,/course/python-pandas-exploratory-data-analysis-for-beginners/,$49.99
5182120,Data Analytics Masters - From Basics To Advanced,/course/data-analytics-masters-basics-to-advanced/,$44.99
6168241,Mastering BDD with Python Behave : A Quick Crash Course,/course/mastering-bdd-with-python-behave-a-quick-crash-course/,$44.99
2516506,Complete 2-in-1 Python for Business and Finance Bootcamp,/course/complete-python-for-business-and-finance-bootcamp/,$94.99
2373842,Complete Tensorflow 2 and Keras Deep Learning Bootcamp,/course/complete-tensorflow-2-and-keras-deep-learning-bootcamp/,$119.99
1908308,"Coding for beginners :( HTML,CSS,JavaScript,Python,C#,Ruby)",/course/coding-for-beginners/,$74.99
5619382,Advance Python | Python for Datascience,/course/advance-python-python-for-datascience/,$64.99
1228590,"Coding for kids : Learn Scratch, Python, Robotics, Html Css",/course/robotics-programming-stem-course-for-kids/,$84.99
2373814,PyTorch for Deep Learning with Python Bootcamp,/course/pytorch-for-deep-learning-with-python-bootcamp/,$124.99
5173778,Master JSON Using Python,/course/master-json-using-python/,$64.99
5289390,Complete Python for Data Science & Machine Learning from A-Z,/course/complete-python-for-data-science-machine-learning-from-a-z/,$74.99
2650862,The Complete Python/PostgreSQL Course 2.0,/course/complete-python-postgresql-database-course/,$89.99
5413054,LangChain with Python Bootcamp,/course/langchain-with-python-bootcamp/,$84.99
3699652,Learn Python from Scratch : Python Programming,/course/learn-python-from-scratch-python-programming-datascience/,$64.99
3582994,Data Science & Machine Learning(Theory+Projects)A-Z 90 HOURS,/course/data-science-machine-learningtheoryprojectsa-z-90-hours/,$74.99
1059314,Data Visualization with Python for Beginners,/course/making-graphs-in-python-using-matplotlib-for-beginners/,$54.99
6123319,Mastering Ollama: Build Private Local LLM Apps with Python,/course/master-ollama-python/,$54.99
3887380,Let's Make Python Easy - A  Comprehensive Guide to Python,/course/lets-make-python-easy/,$19.99
3076978,Python: Python Programming for Artificial Intelligence (1),/course/python-python-programming-for-artificial-intelligence-1/,$34.99
5555400,Machine Learning: Modern Computer Vision & Generative AI,/course/computer-vision-kerascv/,$109.99
3519920,Data Science with R and Python | R Programming,/course/full-stack-data-science-r-and-python/,$69.99
5267590,Algorithmic Trading Strategies In Python,/course/algorithmic-trading-strategies-in-python/,$84.99
5655192,Python fundamentals and basics of numpy,/course/python-fundamentals-ag/,$19.99
1562530,Elegant Automation Frameworks with Python and Pytest,/course/elegant-automation-frameworks-with-python-and-pytest/,$79.99
3856080,Build REST APIs with Django REST Framework and Python,/course/django-rest-framework/,$74.99
4808608,Python for OOP: The A-to-Z OOP Python Programming Course,/course/python-for-object-oriented-programming/,$49.99
519554,Teach Your Kids to Code: Learn to Program Python at Any Age!,/course/teach-your-kids-to-code/,$109.99
3579795,Master Python for Data Analysis and Business Analytics 2025,/course/regression-analysis/,$74.99
5368608,LangChain Mastery: Build GenAI Apps with LangChain &Pinecone,/course/master-langchain-pinecone-openai-build-llm-applications/,$84.99
5127318,2025 Deep Learning for Beginners with Python,/course/python-for-deep-learning-and-artificial-intelligence/,$59.99
3819580,Data Analysis Real world use-cases- Hands on Python,/course/data-analysis-real-world-use-cases-hands-on-python/,$59.99
535622,"Python for Data Structures, Algorithms, and Interviews!",/course/python-for-data-structures-algorithms-and-interviews/,$159.99
5195550,Master OpenAI API and ChatGPT API with Python Bootcamp,/course/openai-api-chatgpt-gpt4-with-python-bootcamp/,$99.99
5006548,"Machine Learning & Data Science with Python, Kaggle & Pandas",/course/machine-learning-data-science-with-kaggle-pandas-numpy/,$79.99
1747522,"Python REST APIs with Flask, Docker, MongoDB, and AWS DevOps",/course/python-rest-apis-with-flask-docker-mongodb-and-aws-devops/,$74.99
5362154,Playwright Python and Pytest for Web Automation Testing,/course/playwright-python-pytest/,$84.99
4854204,Python for Data Analytics - Beginner to Advanced,/course/python-for-data-analytics/,$69.99
4880594,Azure Databricks and Spark SQL (Python),/course/azure-databricks-and-spark-sql-python/,$99.99
6278113,Learn Python Programming with ChatGPT,/course/learn-python-programming-with-chatgpt/,$54.99
3114550,Python for Data Science: Learn Data Science From Scratch,/course/python-for-data-science-learn-data-science-from-scratch/,$69.99
1859116,ArcPy for Python Developers using ArcGIS Pro,/course/arcpy-for-python-developers/,$84.99
4477020,Data Structures Algorithm DSA | Python+Javascript LEETCODE,/course/data-structures-and-algorithms-dsa/,$84.99
4098152,Python and JavaScript for beginners: Build 10 Projects,/course/python-and-javascript-for-beginners-build-10-projects/,$44.99
1890436,Selenium Python - Step by Step for Beginners with Framework,/course/selenium-python-step-by-step-for-beginners/,$64.99
3946846,Python for Data Analysis & Data Science,/course/python-beginner-to-advanced-level-course/,$64.99
4333936,Python for Cybersecurity,/course/python-for-cybersecurity/,$54.99
4577942,"AWS Lambda, Python(Boto3) & Serverless- Beginner to Advanced",/course/aws-lambda-and-python-full-course-beginner-to-advanced/,$79.99
3435072,2025 Machine Learning & Data Science for Beginners in Python,/course/python-for-machine-learning-and-data-science-projects/,$64.99
6173779,Python Programming: A Step-by-Step Programming Course,/course/python-programming-a-step-by-step-programming-course/,$49.99
5512664,Python Wizardry: Master the Path from Start to Finish,/course/python-wizardry-master-the-path-from-start-to-finish/,$19.99
3518698,Python Demonstrations For Practice Course,/course/python-for-beginners-demonstration-course/,$39.99
1919176,Complete Time Series Analysis With Python,/course/complete-time-series-data-analysis-bootcamp-with-python/,$59.99
2512570,Econometrics and Statistics for Business in R & Python,/course/econometrics-for-business/,$84.99
3433396,Applied Data Science with Python Specialization,/course/applied-data-science-with-python-specialization-mhm/,$19.99
1952540,Python Django Dev To Deployment,/course/python-django-dev-to-deployment/,$74.99
2748550,DevOps Tools for Beginners: Starting with Python Scripts,/course/devops-tools-for-beginners-starting-with-python-scripts/,$59.99
5978538,Learn Python Programming : From Basics to First Programs,/course/learn-python-programming-from-basics-to-first-programs/,$39.99
3330326,"Python,Flask Framework And Django Course For Beginners",/course/python-and-flask-and-django-course-for-beginners/,$54.99
5692908,Python for Data Analysis: Projects to Power Your Resume,/course/python-for-data-analysis-projects-to-power-your-resume/,$19.99
5751188,Python Data Structures & Algorithms: Ace Coding Interviews,/course/data-structures-algorithms-in-python-j/,$59.99
1923176,Python - A 3-step process to Master Python 3 + Coding Tips™,/course/python-a-3-step-process-to-master-python-plus-coding-tips/,$54.99
6049539,Master Classification with Pandas and Python [2024],/course/master-classification-with-pandas-and-python-2024/,$49.99
4621174,Introduction to Python Machine Learning using Jupyter Lab,/course/python-machine-learning-jupyterlab/,$54.99
5771246,Learn Python in One Hour - Complete Introduction to Basics,/course/python-in-one-hour/,$49.99
2984890,Python+SQL+Oracle and Endless Possibilities,/course/python-with-oracle-developer-course/,$49.99
2623620,How to create a CRUD Application with Python and SQL Server,/course/how-to-create-a-crud-application-with-python-and-sql-server/,$54.99
2463192,Python Programming for Beginners in Data Science,/course/just-enough-python/,$69.99
5236572,Complete Data Science & Machine Learning A-Z with Python,/course/complete-data-science-machine-learning-a-z-with-python/,$64.99
1989822,Python 3 Programming: Beginner to Pro Masterclass,/course/python-3-beginner-to-pro/,$69.99
3077084,Learn Python for Data Science & Machine Learning from A-Z,/course/python-for-data-science-machine-learning/,$49.99
6227959,OOPs in Python,/course/oops-in-python/,$54.99
4487160,Automated Trading Bot (Python hands-on bootcamp),/course/trading-bot-bootcamp/,$69.99
4659620,The Python for Absolute Beginners Bootcamp,/course/the-python-for-absolute-beginners-bootcamp/,$64.99
5326682,Master Vector Database with Python for AI & LLM Use Cases,/course/vector-db/,$84.99
5416866,Modern Computer Vision & Deep Learning with Python & PyTorch,/course/computervision-deeplearning-with-python/,$54.99
6005490,Programming for Scientific Research with Python and R,/course/programming-for-scientific-research/,$44.99
3903480,Learn Advanced Python Programming,/course/learn-advanced-python-programming-r/,$64.99
4855912,Pandas Python Programming Language Library From Scratch A-Z™,/course/pandas-python-programming-language-library-from-scratch-a-ztm/,$74.99
6013370,Python Project: Build a PDF File Handling Tool from Scratch,/course/python-project-build-a-pdf-file-handling-tool-from-scratch/,$49.99
5009916,HTML 5 With Quizzes And Python 3 Complete Course,/course/html-5-with-quizzes-and-python-3-complete-course-2023/,$19.99
2023396,Python: Data Visualization using Python,/course/python-data-visualization-using-python/,$19.99
3759560,Data Science Real World Projects in Python,/course/data-science-real-world-projects-in-python-x/,$79.99
4935698,Pandas & NumPy Python Programming Language Libraries A-Z™,/course/pandas-numpy-python-programming-language-libraries-a-ztm/,$79.99
3202576,Data Science & ML for Python-Python & Data Science Made Easy,/course/machine-learning-and-data-science-using-python-r/,$19.99
4175968,Writing production-ready ETL pipelines in Python / Pandas,/course/writing-production-ready-etl-pipelines-in-python-pandas/,$59.99
5561902,Python Development Essentials,/course/python-development-essentials/,$19.99
5487700,Time Series Analysis and Forecasting using Python,/course/time-series-analysis-and-forecasting-plus-eda-using-python/,$19.99
5791938,[New] Master Class Python Data Analysis for non-programmers,/course/new-master-class-python-programming-for-non-programmers/,$19.99
5948676,Python For Marketing [2024],/course/python-for-marketing/,$39.99
5870834,"Python Mastery: Build Web Apps, Automate Tasks & Explore AI",/course/python-bootcamp-ai-django/,$89.99
5194328,Artificial Intelligence for Beginners: Python & AI Basics,/course/artificial-intelligence-for-beginners-ai-basics/,$79.99
1276318,Project Based Python Programming For Kids & Beginners,/course/project-based-python-programming-for-kids-beginners/,$109.99
2332592,Logistic Regression in Python,/course/machine-learning-basics-classification-models-in-python/,$69.99
4315406,Data Analysis In-Depth (With Python),/course/data-analysis-in-depth-with-python/,$49.99
1326292,Complete Guide to TensorFlow for Deep Learning with Python,/course/complete-guide-to-tensorflow-for-deep-learning-with-python/,$94.99
5615262,Data Manipulation in Python: A Pandas Crash Course,/course/data-manipulation-in-python-a-pandas-crash-course/,$44.99
3355136,Python and Django Full-Stack  Web Development for beginners,/course/python-and-django-full-stack-web-development-for-beginners/,$69.99
3560743,Data Analysis with Python,/course/statistics-introduction-applied-to-data-science/,$59.99
1281492,Deep Learning: GANs and Variational Autoencoders,/course/deep-learning-gans-and-variational-autoencoders/,$24.99
4517476,Optimization with Python: Complete Pyomo Bootcamp A-Z,/course/optimization-with-python-complete-pyomo-bootcamp-a-z/,$84.99
3127148,Python and Data Science from Scratch With RealLife Exercises,/course/python-and-data-science-from-scratch-with-reallife-exercises/,$84.99
4855890,NumPy Python Programming Language Library from Scratch A-Z,/course/numpy-python-programming-language-library-from-scratch-a-ztm/,$69.99
4393802,JavaScript And PHP And Python Programming Complete Course,/course/javascript-and-php-and-python-programming-complete-course/,$49.99
4271792,MongoDB Database Developer Course In Python,/course/mongodb-database-developer-course-in-python/,$84.99
4903290,Statistics For Data Science and Machine Learning with Python,/course/python-statistical-methods-machine-learning-data-science/,$54.99
4141260,"Complete Python Data Science, Deep Learning, R Programming",/course/complete-data-science-deep-learning-r-data-science-2021/,$19.99
1675120,AWS - Mastering Boto3 & Lambda Functions Using Python,/course/mastering-boto3-with-aws-services/,$59.99
3079470,Python Course for Machine Learning & Data Science Beginners,/course/python-for-data-science-and-machine-learning/,$19.99
4242880,Python Pandas Data Crash Course 2024 Learn by Doing.,/course/python-pandas-data-crash-course/,$19.99
6182945,Python Programming: Build a Strong Foundation in Coding,/course/python-programming-build-a-strong-foundation-in-coding/,$49.99
5032940,Dimensionality Reduction: Machine Learning in Python,/course/dimensionality-reduction-machine-learning-with-python/,$54.99
5031508,Python 2023 Course in Depth: Beginners to Advanced,/course/python-2023-from-zero-to-hero/,$54.99
3149814,XGBoost for Business: Machine Learning Course in Python & R,/course/xgboost-python-r/,$64.99
3525856,Python Numpy: Machine Learning & Data Science Course,/course/python-numpy-machine-learning-data-science-course/,$59.99
4456438,Python for Mastering Machine Learning and Data Science,/course/master-machine-learning-and-data-science-with-python/,$69.99
3654704,"Ultimate Python - ML, AI, Hacking, Speech Recognition & more",/course/complete-python-programming-course-beginner-to-expert/,$59.99
4612088,Python and Tableau: The Complete Data Analytics Bootcamp!,/course/python-and-tableau-the-complete-data-analytics-bootcamp/,$99.99
837742,Python GUI : From A-to-Z With 2 Final Projects,/course/python-with-tkinter-basics-advanced-build-2-projects-l/,$19.99
4581660,Statistical Arbitrage Bot Build in Crypto with Python (A-Z),/course/statistical-arbitrage-bot-build-in-crypto-with-python-a-z/,$84.99
4929064,Data Science & Machine Learning: Naive Bayes in Python,/course/data-science-machine-learning-naive-bayes-in-python/,$64.99
